[{"defineAdditionalVar":"","varName":"ExFilePicker","imports":"com.swrevo.fileex.ExFilePicker","icon":"2131165882","typeName":"ExFilePicker","name":"ExFilePicker","description":"ExFilePicker","id":"37","class":"ExFilePicker","buildClass":"ExFilePicker","url":"","additionalVar":""},{"defineAdditionalVar":"initSpeedDial(_savedInstanceState \u003d\u003d null, _view);","varName":"SpeedDialView","imports":"","icon":"2131165683","typeName":"SpeedDialView","name":"SpeedDialView","description":"About\n\nA Floating Action Button Speed Dial implementation for Android that follows the Material Design specification. (You must activated Library SpeedDial with Local_libs)","id":"38","class":"Component.SpeedDialView","buildClass":"SpeedDialView","url":"https://github.com/leinardi/FloatingActionButtonSpeedDial","additionalVar":"private SpeedDialOverlayLayout overlay;"},{"defineAdditionalVar":"","varName":"Intent","imports":"","icon":"2131165467","typeName":"Intent","name":"SuperUser","description":"use this to check if user\u0027s device root status\n\n#created by Arab Ware Channel","id":"39","class":"SuperUser","buildClass":"SuperUser","url":"","additionalVar":""},{"defineAdditionalVar":"","varName":"Intent","imports":"","icon":"2131165776","typeName":"Intent","name":"Text Encryptor","description":"use this to encrypt text by AES method\nit will help you use Encrypt-Decrypt blocks\n\n#created by Arab Ware Channel","id":"41","class":"Text Encryptor","buildClass":"Text Encryptor","url":"","additionalVar":""},{"defineAdditionalVar":"","varName":"Intent","imports":"","icon":"2131165688","typeName":"ShareApp","name":"ShareApp","description":"use it for share your app as Apk file","id":"44","class":"ShareApp","buildClass":"ShareApp","url":"","additionalVar":""},{"defineAdditionalVar":"","varName":"Intent","imports":"","icon":"2131165955","typeName":"windowsprogress","name":"windowsprogress","description":"use this components to create Windows Progress\n\n#Created By Arab Ware Channel","id":"45","class":"windowsprogress","buildClass":"windowsprogress","url":"","additionalVar":""},{"defineAdditionalVar":"","varName":"Intent","imports":"","icon":"2131165928","typeName":"Comments Maker","name":"Comments Maker","description":"To Create Comments Into Your Activity\u0027s source code\n\n#created by Arab Ware Channel","id":"46","class":"Comments Maker","buildClass":"Comments Maker","url":"","additionalVar":""},{"defineAdditionalVar":"","varName":"android.content.pm.PackageManager","imports":"","icon":"2131165675","typeName":"package","name":"PackageManager","description":"For add package manager variable\n\nAlso you can use it in If Family Blocks","id":"47","class":"android.content.pm.PackageManager","buildClass":"android.content.pm.PackageManager","url":"","additionalVar":""},{"defineAdditionalVar":"","varName":"Intent","imports":"","icon":"2131165759","typeName":"ZebraTextView","name":"ZebraTextView","description":"for help you create ID for ZebraTextView Blocks","id":"48","class":"ZebraTextView","buildClass":"ZebraTextView","url":"","additionalVar":""},{"defineAdditionalVar":"","varName":"Intent","imports":"","icon":"2131165615","typeName":"MoreBlockMaker","name":"MoreBlockMaker","description":"For Create More Block \u0026 For Show Floating Window","id":"49","class":"MoreBlockMaker","buildClass":"MoreBlockMaker","url":"","additionalVar":"private final int REQUEST_PERMISSION_PHONE_STATE\u003d1;"},{"defineAdditionalVar":"","varName":"Spannable","imports":"","icon":"2131165953","typeName":"Spannable","name":"Spannable","description":"use this to create highlight text\n\ncreated by Arab Ware Channel","id":"60","class":"Spannable","buildClass":"Spannable","url":"","additionalVar":""},{"defineAdditionalVar":"","varName":"String ArabWareChannelAPIText \u003d \"\";\nprivate String ArabWareChannelAPI \u003d \"https://api.qrserver.com/v1/create-qr-code/?data\u003d\";\n//","imports":"\n","icon":"2131165925","typeName":"QR Generator","name":"QR Generator","description":"To generate QR Into ImageView","id":"67","class":"QR Generator","buildClass":"QR Generator","url":"","additionalVar":""},{"defineAdditionalVar":"","varName":"UnifiedNativeAd","imports":"com.google.android.gms.ads.AdListener\ncom.google.android.gms.ads.AdRequest\nandroid.widget.RatingBar\ncom.google.android.gms.ads.AdLoader\ncom.google.android.gms.ads.MobileAds\ncom.google.android.gms.ads.formats.MediaView\ncom.google.android.gms.ads.formats.NativeAdOptions\ncom.google.android.gms.ads.formats.UnifiedNativeAd\ncom.google.android.gms.ads.formats.UnifiedNativeAdView\ncom.google.android.gms.ads.initialization.InitializationStatus\ncom.google.android.gms.ads.initialization.OnInitializationCompleteListener","icon":"2131165393","typeName":"UnifiedNativeAd","name":"UnifiedNativeAd","description":"Made By Danial SK Channel\n\nuse this to use native ads blocks","id":"68","class":"Component.UnifiedNativeAd","buildClass":"UnifiedNativeAd","url":"","additionalVar":""},{"defineAdditionalVar":"","varName":"Intent ahhhjhahahhao;\n//","imports":"","icon":"2131165802","typeName":"FloatWindowFix","name":"FloatWindowFix","description":"It is fix floating window developed by Arab Ware Channel That can show floating window with events\ndon\u0027t forgot to make sure you have added alert permission\njust search \" alert \" in  permission section\n\nThanks","id":"64","class":"FloatWindowFix","buildClass":"FloatWindowFix","url":"","additionalVar":"\n"},{"defineAdditionalVar":"","varName":"AudioManager","imports":"","icon":"2131165474","typeName":"AudioManager","name":"AudioManager","description":"To set Volume of Device\u0027s Audio\n\ncreated by Arab Ware Channel","id":"63","class":"Component.AudioManager","buildClass":"AudioManager","url":"","additionalVar":""},{"defineAdditionalVar":"","varName":"Intent","imports":"android.os.Bundle\njava.io.InputStream","icon":"2131166315","typeName":"CustomErrorMessage","name":"CustomErrorMessage","description":"you can with this create custom error message\nplz make you sure you have been created activity with name *debug*\nthanks for using\ncreated by Arab Ware Channel","id":"99","class":"CustomErrorMessage","buildClass":"CustomErrorMessage","url":"","additionalVar":""},{"defineAdditionalVar":"","varName":"Intent haiIiqjqjakkakajq;\n//","imports":"","icon":"2131165666","typeName":"InstagramDownloader","name":"InstagramDownloader","description":"Use this components to download Instagram videos\nyou need to use Instagram Blocks Too\n\nmade with love by Arab Ware Channel","id":"97","class":"InstagramDownloader","buildClass":"InstagramDownloader","url":"","additionalVar":"String rege \u003d \"\";"},{"defineAdditionalVar":"","varName":"JavaMailAPI","imports":"com.swrevo.gmailapi.JavaMailAPI\r\ncom.swrevo.gmailapi.MailAccount","icon":"2131165784","typeName":"JavaMailAPI","name":"JavaMailAPI","description":"Component Gmail API implementation for Direct Sender Email in App","id":"87","class":"Component.JavaMailAPI","buildClass":"JavaMailAPI","url":"https://myaccount.google.com/lesssecureapps","additionalVar":""},{"defineAdditionalVar":"","varName":"CameraX","imports":"androidx.camera.core.CameraX\nandroidx.camera.core.ImageAnalysis\nandroidx.camera.core.ImageAnalysisConfig\nandroidx.camera.core.ImageCapture\nandroidx.camera.core.ImageCaptureConfig\nandroidx.camera.core.ImageProxy\nandroidx.camera.core.Preview\nandroidx.camera.core.PreviewConfig\nandroidx.lifecycle.LifecycleOwner\nandroid.util.Size\nandroidx.camera.camera2.Camera2Config","icon":"2131165703","typeName":"CameraX","name":"CameraX","description":"#Created by Shahrom Gulov (@dev_zilla)\n\nCameraX component used for displaying camera in view (demo)","id":"82","class":"Component.CameraX","buildClass":"CameraX","url":"","additionalVar":""},{"defineAdditionalVar":"","varName":"Intent jajiqiqjajjajjqk;\n//","imports":"","icon":"2131165445","typeName":"UndoRedo","name":"UndoRedo","description":"#Created by Shahrom Gulov (@dev_zilla)","id":"96","class":"Component.UndoRedo","buildClass":"UndoRedo","url":"","additionalVar":""},{"defineAdditionalVar":"","varName":"Intent hqjkaoaiqhhqi;\n//","imports":"","icon":"2131165959","typeName":"BatteryProgress","name":"BatteryProgress","description":"","id":"999","class":"BatteryProgress","buildClass":"BatteryProgress","url":"https://t.me/dev_zilla","additionalVar":""},{"defineAdditionalVar":"","varName":"Intent","imports":"","icon":"2131166211","typeName":"BottomSheet","name":"BottomSheet","description":"Used this to create beautiful bottom sheet dialogs\ncreated with love By #ArabWareChannelOwner","id":"154","class":"BottomSheet","buildClass":"BottomSheet","url":"","additionalVar":""},{"defineAdditionalVar":"","varName":"AnimatedGradientTextView","imports":"","icon":"2131166168","typeName":"TextColorAnimator","name":"TextColorAnimator","description":"Use this to animate create any text you want with any colors with any font with any size with any animation setting you want into linear\n\ncreated by Arab Ware Channel","id":"194","class":"TextColorAnimator","buildClass":"TextColorAnimator","url":"","additionalVar":""},{"defineAdditionalVar":"","varName":"LuckyWheel","imports":"com.bluehomestudio.luckywheel.OnLuckyWheelReachTheTarget\njava.util.ArrayList\njava.util.List","icon":"2131165443","typeName":"LuckySpinner","name":"LuckySpinner","description":"Want to create game or app with lucky spin ?\nso I have collected \u0026 developed some codes from github that will help you\n\ncreated by Arab Ware Channel","id":"946","class":"LuckySpinner","buildClass":"LuckySpinner","url":"","additionalVar":""},{"defineAdditionalVar":"","varName":"PopupWindow","imports":"","icon":"2131165596","typeName":"CustomPopUp","name":"CustomPopUp","description":"use this to create custom pupup message\ncreated with love by Arab Ware Channel","id":"646","class":"CustomPopUp","buildClass":"CustomPopUp","url":"","additionalVar":""},{"defineAdditionalVar":"","varName":"Intent ahskoqiwhvbaha;\n//","imports":"","icon":"2131165642","typeName":"CustomDialog","name":"CustomDialog","description":"For Create Custom Dialog From Custom View\nthis component \u0026 it\u0027s blocks created by me","id":"9467","class":"CustomDialog","buildClass":"CustomDialog","url":"","additionalVar":""},{"defineAdditionalVar":"","varName":"Intent akakhqsinaj;\n//","imports":"","icon":"2131165463","typeName":"Mention","name":"Mention","description":"Mention ? mention ???? what is the mean of this component ? \nyou can now highlight any email / mention (@) / phone number / URL / \u0026 more\nyou need to use Mentions Blocks \u0026 library of AutoLinkTextView 3.0.0\n\ncreated by Arab Ware Channel ","id":"4667","class":"Mention","buildClass":"Mention","url":"","additionalVar":""},{"defineAdditionalVar":"","varName":"Intent jaooakqnqkziaj;\n//","imports":"","icon":"2131165463","typeName":"GetWebSourceCode","name":"GetWebSourceCode","description":"You want to get source code of website in your app\nthis component will help you :)\nyou will the blocks into webview blocks","id":"345","class":"GetWebSourceCode","buildClass":"GetWebSourceCode","url":"","additionalVar":""},{"defineAdditionalVar":"","varName":"Toast","imports":"","icon":"2131165933","typeName":"CustomToast","name":"CustomToast","description":"This component will give you access to create custom toast from custom view\nyou will find the blocks into custom toast blocks palette","id":"1346","class":"CustomToast","buildClass":"CustomToast","url":"","additionalVar":""}]