[{"name":"SpeedDialView","code":"//SpeedDialView\n%s","s":"true","imports":""},{"name":"SuperUser","code":"//SuperUser\n%s","s":"true","imports":""},{"name":"Text Encryptor","code":"//Text Encryptor\n%s","s":"true","imports":""},{"name":"PdfReader","s":"true","code":"//PdfReader\n%d","imports":""},{"name":"ShareApp","code":"//ShareApp\n%s","s":"true","imports":""},{"name":"WindowProgress","s":"true","code":"//WindowProgress\npublic void _ArabWareComponent () {\n}\npublic static class WP7ProgressBar extends LinearLayout {\r\n    private static final int INTERVAL_DEF \u003d 150;\r\n    private static final int INDICATOR_COUNT_DEF \u003d 5;\r\n    private static final int ANIMATION_DURATION_DEF \u003d 2200;\r\n    private static final int INDICATOR_HEIGHT_DEF \u003d 5;\r\n    private static final int INDICATOR_RADIUS_DEF \u003d 0;\r\n    private int interval;\r\n    private int animationDuration;\r\n    private int indicatorHeight;\r\n    private int indicatorColor;\r\n    private int indicatorRadius;\r\n    private boolean isShowing \u003d false;\r\n    private ArrayList\u003cWP7Indicator\u003e WP7Indicators;\r\n    private Handler handler;\r\n    private int progressBarCount \u003d 0;\r\n    private ObjectAnimator objectAnimator;\r\n    public WP7ProgressBar(Context context) {\r\n        super(context);\r\n        initialize(null);\n}\n  public WP7ProgressBar(Context context, AttributeSet attrs) {\r\n        super(context, attrs);\r\n        initialize(attrs);\r\n    }\r\n    public WP7ProgressBar(Context context, AttributeSet attrs, int defStyleAttr) {\r\n        super(context, attrs, defStyleAttr);\r\n        initialize(attrs);\r\n    }\r\n    private void initialize(AttributeSet attrs) {\r\n        this.setGravity(Gravity.CENTER);\r\n        this.setOrientation(HORIZONTAL);\r\n        this.handler \u003d new Handler();\r\n        setAttributes(attrs);\r\n        initializeIndicators();\r\n    }\r\n    private void setAttributes(AttributeSet attributeSet) {\r\n        //TypedArray typedArray \u003d getContext().obtainStyledAttributes(attributeSet, R.styleable.WP7ProgressBar);\r\n        interval \u003d INTERVAL_DEF;\r\n        animationDuration \u003d ANIMATION_DURATION_DEF;\r\n        indicatorHeight \u003d INDICATOR_HEIGHT_DEF;\r\n        indicatorRadius \u003d INDICATOR_RADIUS_DEF;\r\n        indicatorColor \u003d Color.BLUE; //Context.getColor(getContext(), R.color.colorAccent);\r\n        //typedArray.recycle();\r\n    }\n%s\n    public void setInterval(int interval) {\r\n        this.interval \u003d interval;\r\n        initializeIndicators();\r\n    }\r\n    public void setAnimationDuration(int animationDuration) {\r\n        this.animationDuration \u003d animationDuration;\r\n        initializeIndicators();\r\n    }\r\n    public void setIndicatorHeight(int indicatorHeight) {\r\n        this.indicatorHeight \u003d indicatorHeight;\r\n        initializeIndicators();\r\n    }\r\n    public void setIndicatorColor(int indicatorColor) {\r\n        this.indicatorColor \u003d indicatorColor;\r\n        initializeIndicators();\r\n    }\r\n    public void setIndicatorRadius(int indicatorRadius) {\r\n        this.indicatorRadius \u003d indicatorRadius;\r\n        initializeIndicators();\r\n    }\r\n}\r\n\r\npublic static class WP10ProgressBar extends RelativeLayout {\r\n    private static final int INTERVAL_DEF \u003d 150;\r\n    private static final int INDICATOR_COUNT_DEF \u003d 5;\r\n    private static final int ANIMATION_DURATION_DEF \u003d 1800;\r\n    private static final int INDICATOR_HEIGHT_DEF \u003d 7;\r\n    private static final int INDICATOR_RADIUS_DEF \u003d 0;\r\n    private int interval;\r\n    private int animationDuration;\r\n    private int indicatorHeight;\r\n    private int indicatorColor;\r\n    private int indicatorRadius;\r\n    private boolean isShowing \u003d false;\r\n    private ArrayList\u003cWP10Indicator\u003e wp10Indicators;\r\n    private Handler handler;\r\n    private int progressBarCount \u003d 0;\r\n    public WP10ProgressBar(Context context) {\r\n        super(context);\r\n        initialize(null);\r\n    }\r\n    public WP10ProgressBar(Context context, AttributeSet attrs) {\r\n        super(context, attrs);\r\n        initialize(attrs);\r\n    }\r\n    public WP10ProgressBar(Context context, AttributeSet attrs, int defStyleAttr) {\r\n        super(context, attrs, defStyleAttr);\r\n        initialize(attrs);\r\n    }\r\n    private void initialize(AttributeSet attrs) {\r\n        this.setGravity(Gravity.CENTER);\r\n        this.handler \u003d new Handler();\r\n        this.setRotation(-25);\r\n        setAttributes(attrs);\r\n        initializeIndicators();\r\n    }\r\n    private void setAttributes(AttributeSet attributeSet) {\r\n        //TypedArray typedArray \u003d getContext().obtainStyledAttributes(attributeSet, R.styleable.WP10ProgressBar);\r\n        interval \u003d INTERVAL_DEF;\r\n        animationDuration \u003d ANIMATION_DURATION_DEF;\r\n        indicatorHeight \u003d INDICATOR_HEIGHT_DEF;\r\n        indicatorRadius \u003d INDICATOR_RADIUS_DEF;\r\n        indicatorColor \u003d Color.BLUE;\r\n    }\r\n    private void showAnimation() {\r\n        for (int i \u003d 0; i \u003c wp10Indicators.size(); i++) {\r\n            wp10Indicators.get(i).startAnim(animationDuration, (5 - i) * interval);\r\n        }\r\n    }\r\n    private void initializeIndicators() {\r\n        this.removeAllViews();\r\n        ArrayList\u003cWP10Indicator\u003e WP10Indicators \u003d new ArrayList\u003c\u003e();\r\n        for (int i \u003d 0; i \u003c INDICATOR_COUNT_DEF; i++) {\r\n            WP10Indicator wp10Indicator \u003d new WP10Indicator(getContext(), indicatorHeight, indicatorColor, indicatorRadius, i);\r\n            WP10Indicators.add(wp10Indicator);\r\n            this.addView(wp10Indicator);\r\n        }\r\n        this.wp10Indicators \u003d WP10Indicators;\r\n    }\r\n    private void show() {\r\n        if (isShowing)\r\n            return;\r\n        isShowing \u003d true;\r\n        showAnimation();\r\n    }\r\n    private void hide() {\r\n        clearIndicatorsAnimations();\r\n        isShowing \u003d false;\r\n    }\r\n    private void clearIndicatorsAnimations() {\r\n        for (WP10Indicator wp10Indicator : wp10Indicators) {\r\n            wp10Indicator.removeAnim();\r\n        }\r\n    }\r\n    public void showProgressBar() {\r\n        progressBarCount++;\r\n        if (progressBarCount \u003d\u003d 1) {\r\n            handler.post(new Runnable() {\r\n                @Override\r\n                public void run() {\r\n                    WP10ProgressBar.this.show();\r\n                }\r\n            });\r\n        }\r\n    }\r\n    public void hideProgressBar() {\r\n        progressBarCount--;\r\n        handler.postDelayed(new Runnable() {\r\n            @Override\r\n            public void run() {\r\n                if (progressBarCount \u003d\u003d 0) {\r\n                    WP10ProgressBar.this.hide();\r\n                }\r\n            }\r\n        }, 50);\r\n    }\r\n    public void setInterval(int interval) {\r\n        this.interval \u003d interval;\r\n        initializeIndicators();\r\n    }\r\n    public void setAnimationDuration(int animationDuration) {\r\n        this.animationDuration \u003d animationDuration;\r\n        initializeIndicators();\r\n    }\r\n    public void setIndicatorHeight(int indicatorHeight) {\r\n        this.indicatorHeight \u003d indicatorHeight;\r\n        initializeIndicators();\r\n    }\r\n    public void setIndicatorColor(int indicatorColor) {\r\n        this.indicatorColor \u003d indicatorColor;\r\n        initializeIndicators();\r\n    }\r\n    public void setIndicatorRadius(int indicatorRadius) {\r\n        this.indicatorRadius \u003d indicatorRadius;\r\n        initializeIndicators();\r\n    }\r\n}\r\n\r\n\r\npublic static class Base10Indicator extends View {\r\n    private int color;\r\n    public Base10Indicator(Context context, int indicatorHeight, int color, int radius) {\r\n        super(context);\r\n        this.color \u003d color;\r\n        initialize(indicatorHeight, radius);\r\n    }\r\n    private void initialize(int indicatorHeight, int radius) {\r\n        this.setBackground(getCube(radius));\r\n        LinearLayout.LayoutParams layoutParams \u003d new LinearLayout.LayoutParams(Utils.px2dp(getContext(), indicatorHeight), Utils.px2dp(getContext(), indicatorHeight));\r\n        this.setLayoutParams(layoutParams);\r\n    }\r\n    private android.graphics.drawable.GradientDrawable getCube(int radius) {\r\n        android.graphics.drawable.GradientDrawable drawable \u003d new android.graphics.drawable.GradientDrawable();\r\n        drawable.setShape(android.graphics.drawable.GradientDrawable.RECTANGLE);\r\n        drawable.setColor(color);\r\n        drawable.setCornerRadius(Utils.px2dp(getContext(), radius));\r\n        return drawable;\r\n    }\r\n}\r\n\r\npublic static class Utils {\r\n    public static int px2dp(Context context, int px) {\r\n        float scale \u003d context.getResources().getDisplayMetrics().density;\r\n        return (int) (px * scale + 0.5f);\r\n    }\r\n}\r\n\r\nstatic class WP7Indicator extends View {\r\n    private ObjectAnimator objectAnimator;\r\n    private int color;\r\n    public WP7Indicator(Context context, int indicatorHeight, int color, int radius) {\r\n        super(context);\r\n        this.color \u003d color;\r\n        initialize(indicatorHeight, radius);\r\n    }\r\n    private void initialize(int indicatorHeight, int radius) {\r\n        this.setBackground(getCube(radius));\r\n        LinearLayout.LayoutParams layoutParams \u003d new LinearLayout.LayoutParams(Utils.px2dp(getContext(), indicatorHeight), Utils.px2dp(getContext(), indicatorHeight));\r\n        layoutParams.rightMargin \u003d Utils.px2dp(getContext(), (int) (1.5f * indicatorHeight));\r\n        this.setLayoutParams(layoutParams);\r\n        startAnim(0, 0);\r\n        removeAnim();\r\n    }\r\n    private android.graphics.drawable.GradientDrawable getCube(int radius) {\r\n        android.graphics.drawable.GradientDrawable drawable \u003d new android.graphics.drawable.GradientDrawable();\r\n        drawable.setShape(android.graphics.drawable.GradientDrawable.RECTANGLE);\r\n        drawable.setColor(color);\r\n        drawable.setCornerRadius(Utils.px2dp(getContext(), radius));\r\n        return drawable;\r\n    }\r\n    public void startAnim(long animationDuration, long delay) {\r\n        objectAnimator \u003d ObjectAnimator.ofFloat(this, \"translationX\", +1000, -1000);\r\n        objectAnimator.setInterpolator(new WPInterpolator());\r\n        objectAnimator.setDuration(animationDuration);\r\n        objectAnimator.setRepeatMode(ValueAnimator.RESTART);\r\n        objectAnimator.setRepeatCount(ValueAnimator.INFINITE);\r\n        objectAnimator.setStartDelay(delay);\r\n        objectAnimator.start();\r\n    }\r\n    public void removeAnim() {\r\n        objectAnimator.removeAllListeners();\r\n        objectAnimator.cancel();\r\n        objectAnimator.end();\r\n    }\r\n}\r\n\r\npublic static class WP10Indicator extends RelativeLayout {\r\n    private Base10Indicator base10Indicator;\r\n    private ObjectAnimator objectAnimator;\r\n    private int number;\r\n    public WP10Indicator(Context context, int indicatorHeight, int color, int radius, int number) {\r\n        super(context);\r\n        initialize(indicatorHeight, color, radius, number);\r\n    }\r\n    private void initialize(int indicatorHeight, int color, int radius, int number) {\r\n        this.number \u003d number;\r\n        this.base10Indicator \u003d new Base10Indicator(getContext(), indicatorHeight, color, radius);\r\n        RelativeLayout.LayoutParams layoutParams \u003d new LayoutParams(Utils.px2dp(getContext(), indicatorHeight * 8),\r\n                Utils.px2dp(getContext(), indicatorHeight * 8));\r\n        this.setLayoutParams(layoutParams);\r\n        this.setGravity(Gravity.CENTER_VERTICAL | Gravity.RIGHT);\r\n        this.addView(base10Indicator);\r\n        startAnim(0, 0);\r\n        removeAnim();\r\n        this.setAlpha(0f);\r\n    }\r\n    public void startAnim(final long animationDuration, final long delay) {\r\n        objectAnimator \u003d ObjectAnimator.ofFloat(this, \"rotation\", (number * 15), -360 + (number * 15));\r\n        objectAnimator.setInterpolator(new WPInterpolator());\r\n        objectAnimator.setDuration(animationDuration);\r\n        objectAnimator.setRepeatMode(ValueAnimator.RESTART);\r\n        objectAnimator.setRepeatCount(2);\r\n        objectAnimator.addListener(new android.animation.Animator.AnimatorListener() {\r\n            @Override\r\n            public void onAnimationStart(android.animation.Animator animator) {\r\n                WP10Indicator.this.setAlpha(1f);\r\n                startAlphaAnimation(animationDuration);\r\n            }\r\n            @Override\r\n            public void onAnimationEnd(android.animation.Animator animator) {\r\n                removeAnim();\r\n                startAnim(animationDuration, 0);\r\n            }\r\n            @Override\r\n            public void onAnimationCancel(android.animation.Animator animator) {\r\n            }\r\n            @Override\r\n            public void onAnimationRepeat(android.animation.Animator animator) {\r\n            }\r\n        });\r\n        objectAnimator.setStartDelay(delay);\r\n        objectAnimator.start();\r\n    }\r\n    public void startAlphaAnimation(long animationDuration) {\r\n        this.animate().alpha(0).setDuration(animationDuration / 12).setStartDelay(2 * animationDuration);\r\n    }\r\n    public void removeAnim() {\r\n        this.animate().alpha(0f).setDuration(0).setStartDelay(0);\r\n        objectAnimator.removeAllListeners();\r\n        objectAnimator.cancel();\r\n        objectAnimator.end();\r\n    }\r\n}\r\n\r\npublic static class WPInterpolator implements android.view.animation.Interpolator {\r\n    @Override\r\n    public float getInterpolation(float v) {\r\n        if (v \u003e 0.3f \u0026\u0026 v \u003c 0.70f)\r\n            return (float) ((-(v - 0.5) / 6) + 0.5f);\r\n        return (float) ((-4) * Math.pow(v - 0.5, 3) + 0.5);\r\n    }\r\n}","imports":""},{"name":"Comments Maker","code":"//Comments Maker\n%s","s":"true","imports":""},{"name":"MoreBlockMaker","s":"true","code":"//MoreBlockMaker\n%s","imports":""},{"name":"OnTouch","s":"true","code":"//OnTouch\n###.setOnTouchListener(new View.OnTouchListener(){\n\t@Override\n\tpublic boolean onTouch(View v, MotionEvent event){\n\t\tint ev \u003d event.getAction();\n\t\tswitch (ev) {\n\t\t\tcase MotionEvent.ACTION_DOWN:\n\t\t\t\n\t\t\t %s\n\t\t\t\n\t\t\tbreak;\n\t\t\tcase MotionEvent.ACTION_UP:\n\t\t\t\n\t\t\t \n\t\t\t\n\t\t\tbreak;\n\t\t} return true;\n\t}\n});","imports":""},{"name":"webviewOnProgressChanged","code":"//webviewOnProgressChanged\n###.setWebChromeClient(new WebChromeClient() {\n\t@Override public void onProgressChanged(WebView view, int _newProgress) {\n\t%s\n\t}\n});","s":"true","imports":""},{"name":"OnDownloadStarted","s":"true","code":"//OnDownloadStarted\n###.setDownloadListener(new DownloadListener() {\npublic void onDownloadStart(String url, String userAgent, String contentDisposition, String mimetype, long contentLength) {\nDownloadManager.Request ###a \u003d new DownloadManager.Request(Uri.parse(url));\nString ###b \u003d CookieManager.getInstance().getCookie(url);\n###a.addRequestHeader(\"cookie\", ###b);\n###a.addRequestHeader(\"User-Agent\", userAgent);\n###a.setDescription(\"Downloading file...\");\n###a.setTitle(URLUtil.guessFileName(url, contentDisposition, mimetype));\n###a.allowScanningByMediaScanner(); ###a.setNotificationVisibility(DownloadManager.Request.VISIBILITY_VISIBLE_NOTIFY_COMPLETED); ###a.setDestinationInExternalPublicDir(Environment.DIRECTORY_DOWNLOADS, URLUtil.guessFileName(url, contentDisposition, mimetype));\n\nDownloadManager ###c \u003d (DownloadManager) getSystemService(Context.DOWNLOAD_SERVICE);\n###c.enqueue(###a);\nshowMessage(\"Downloading File....\");\n%s","imports":""},{"name":"Floating Window 2","code":"//Floating Window 2\nprivate WindowManager ###;\n\nprivate WindowManager.LayoutParams ###LP;\n\nprivate View ###V;\n\n\r\n%s","s":"true","imports":""},{"name":"AudioManager","s":"true","code":"//AudioManager\n%s","imports":""},{"name":"Instagram","code":"//Instagram\n%s","s":"true","imports":""},{"name":"Instagram//ArabWare","s":"true","code":"//Instagram//ArabWare\npublic void _###More (){\n%s\n}","imports":""},{"name":"UndoRedo","s":"true","code":"//UndoRedo\n%s","imports":""},{"name":"BatteryProgress","code":"//BatteryProgress\n%s","s":"true","imports":""},{"name":"ScrollChange","code":"//ScrollChange\n###.setOnScrollChangeListener(new ScrollView.OnScrollChangeListener() {\n%s\n});","s":"true","imports":""},{"name":"ScrollChange2","code":"//ScrollChange2\n###.setOnScrollChangeListener(new ScrollView.OnScrollChangeListener() {\n%s\n});","s":"true","imports":""},{"name":"SpeedDialView","code":"//SpeedDialView\n%s","s":"true","imports":""},{"name":"TextColorAnimator","code":"//TextColorAnimator\npublic class AnimatedGradientTextView extends TextView {\n    GradientManager gradientManager;\n    public String fonts;\n    public int[] colors;\n    public int simul;\n    public int angle;\n    public int speed;\n    public int maxFPS;\n    public AnimatedGradientTextView(Context context) {\n        super(context);\n        gradientManager \u003d new GradientManager(this);\n    }\n    public AnimatedGradientTextView(Context context, AttributeSet attrs) {\n        super(context, attrs);\n        gradientManager \u003d new GradientManager(this, colors, simul, angle, speed, maxFPS);\n        CustomFontManager.applyFontFromAttrs(this, fonts);\n    }\n    public AnimatedGradientTextView(Context context, AttributeSet attrs, int defStyle) {\n        super(context, attrs, defStyle);\n        gradientManager \u003d new GradientManager(this, colors, simul, angle, speed, maxFPS);\n        CustomFontManager.applyFontFromAttrs(this, fonts);\n    }\n    @Override\n    protected void onSizeChanged(int w, int h, int oldw, int oldh) {\n        super.onSizeChanged(w, h, oldw, oldh);\n        gradientManager.stopGradient();\n        gradientManager.startGradient();\n    }\n    @Override\n    protected void onVisibilityChanged(View changedView, int visibility) {\n        super.onVisibilityChanged(changedView, visibility);\n        if (visibility \u003d\u003d VISIBLE) {\n            if (getScaleX() !\u003d 0 \u0026\u0026 getScaleY() !\u003d 0) {\n                gradientManager.startGradient();\n            }\n        } else {\n            gradientManager.stopGradient();\n        }\n    }\n    @Override\n    protected void onWindowVisibilityChanged(int visibility) {\n        super.onWindowVisibilityChanged(visibility);\n        if (visibility \u003d\u003d VISIBLE) {\n            if (getScaleX() !\u003d 0 \u0026\u0026 getScaleY() !\u003d 0) {\n                gradientManager.startGradient();\n            }\n        } else {\n            gradientManager.stopGradient();\n        }\n    }\n    @Override\n    public void onScreenStateChanged(int screenState) {\n        super.onScreenStateChanged(screenState);\n        if (screenState \u003d\u003d SCREEN_STATE_OFF) {\n            gradientManager.stopGradient();\n        } else if (screenState \u003d\u003d SCREEN_STATE_ON) {\n            gradientManager.startGradient();\n        }\n    }\n    public void setFonts(String _font) {\n    \tfonts \u003d _font;\n    \tCustomFontManager.applyFontFromAttrs(this, _font);\n    }\n    public void setColorGradients(int[] _color) {\n    \tcolors \u003d _color;\n    \tgradientManager.setColors(_color);\n    }\n    public void setSimultaneousColors(int _sim) {\n    \tsimul \u003d _sim;\n    \tgradientManager.setSimultaneousColors(_sim);\n    }\n    public void setAngle(int _ang) {\n    \tangle \u003d _ang;\n    \tgradientManager.setAngle(_ang);\n    }\n    public void setSpeed(int _spd) {\n    \tspeed \u003d _spd;\n    \tgradientManager.setSpeed(_spd);\n    }\n    public void setMaxFPS(int _fps) {\n    \tmaxFPS \u003d _fps;\n    \tgradientManager.setMaxFPS(_fps);\n    }\n}\n\n\npublic static class CustomFontManager {\n    private static final String FONT_FILE_NAME \u003d \"fonts/\";\n    public static String fonts \u003d \"\";\n    private CustomFontManager() {\n\n    }\n    public static void applyFontFromAttrs(TextView textView, String _fonts) {\n        String fontName \u003d _fonts;\n        if(fontName !\u003d null) {\n            Typeface font \u003d Typeface.createFromAsset(textView.getContext().getAssets(), FONT_FILE_NAME + fontName);\n            textView.setTypeface(font);\n        }\n    }\n    public static void setFonts(String _font) {\n    \tfonts \u003d _font;\n    }\n}\n\n\npublic static class GradientManager {\n    private final TextView textView;\n    public static int[] colors \u003d new int[]{Color.BLUE, Color.RED, Color.GREEN};\n    public static int simultaneousColors \u003d 2;\n    public static int angle \u003d 45;\n    public static int speed \u003d 1000;\n    public static int maxFPS \u003d 24;\n    public static int drawTimeInterval;\n    private GradientRunnable runnable;\n    private java.util.concurrent.ScheduledFuture\u003c?\u003e scheduledFuture \u003d null;\n    private long currentGradientProgress \u003d 0;\n    private static final int ATTR_NOT_FOUND \u003d Integer.MIN_VALUE;\n    public GradientManager(TextView textView) {\n        this.textView \u003d textView;\n        this.initDefaultValues();\n    }\n    public GradientManager(TextView textView, int[] _colors, int _simul, int _angle, int _speed, int _maxFPS) {\n        this.textView \u003d textView;\n        this.initFromAttrsValues(_colors, _simul, _angle, _speed, _maxFPS);\n    }\n    @SuppressWarnings(\"ResourceType\")\n    private void initFromAttrsValues(int[] _colors, int _simul, int _angle, int _speed, int _maxFPS) {\n    \tcolors \u003d _colors;\n        simultaneousColors \u003d _simul;\n        angle \u003d _angle;\n        speed \u003d _speed;\n        maxFPS \u003d _maxFPS;\n        drawTimeInterval \u003d 1000 / maxFPS;\n    }\n    private void initDefaultValues() {\n        colors \u003d colors;\n        simultaneousColors \u003d simultaneousColors;\n        angle \u003d angle;\n        speed \u003d speed;\n        maxFPS \u003d maxFPS;\n        drawTimeInterval \u003d 1000 / maxFPS;\n    }\n    public void stopGradient() {\n        synchronized (this) {\n            if (scheduledFuture !\u003d null) {\n                currentGradientProgress \u003d runnable.getCurrentProgress();\n                scheduledFuture.cancel(true);\n                runnable \u003d null;\n                scheduledFuture \u003d null;\n            }\n        }\n    }\n    public void startGradient() {\n        synchronized (this) {\n            if (scheduledFuture !\u003d null) {\n                return;\n            }\n            final int wf \u003d textView.getWidth();\n            final int hf \u003d textView.getHeight();\n            if (wf \u003e 0 \u0026\u0026 hf \u003e 0) {\n                runnable \u003d new GradientRunnable(textView, colors, simultaneousColors, angle, speed);\n                runnable.setCurrentProgress(currentGradientProgress);\n                java.util.concurrent.ScheduledExecutorService scheduledExecutor \u003d java.util.concurrent.Executors.newSingleThreadScheduledExecutor();\n                scheduledFuture \u003d scheduledExecutor.scheduleAtFixedRate(runnable, 0, drawTimeInterval, java.util.concurrent.TimeUnit.MILLISECONDS);\n            }\n        }\n    }\n    public static void setColors(int[] _col) {\n    \tcolors \u003d _col;\n    }\n    public static void setSimultaneousColors(int _sim) {\n    \tsimultaneousColors \u003d _sim;\n    }\n    public static void setAngle(int _ang) {\n    \tangle \u003d _ang;\n    }\n    public static void setSpeed(int _spd) {\n    \tspeed \u003d _spd;\n    }\n    public static void setMaxFPS(int _fps) {\n    \tmaxFPS \u003d _fps;\n    }\n}\n\n\npublic static class GradientRunnable implements Runnable {\n    private final TextView textView;\n    private int[] colors;\n    private int angle;\n    private int speed;\n    private long totalDelta \u003d 0;\n    private long lastTime \u003d 0;\n    private int[] currentColors;\n    private Point[] gradientsPositions;\n    private int currentGradient \u003d 0;\n    GradientRunnable(TextView textView, int[] colors, int simultaneousColors, int angle, int speed) {\n        this.textView \u003d textView;\n        this.colors \u003d colors;\n        this.angle \u003d angle;\n        this.speed \u003d speed;\n        final int wf \u003d textView.getWidth();\n        final int hf \u003d textView.getHeight();\n        gradientsPositions \u003d getGradientsPoints(wf, hf);\n        currentColors \u003d Arrays.copyOf(colors, simultaneousColors);\n    }\n    @Override\n    public void run() {\n        long currentTime \u003d SystemClock.uptimeMillis();\n        long delta \u003d currentTime - lastTime;\n        totalDelta +\u003d delta;\n        float totalPercentage \u003d totalDelta / ((float) speed);\n        totalPercentage \u003d totalPercentage \u003e 1 ? 1 : totalPercentage;\n        for (int colorIndex \u003d 0; colorIndex \u003c currentColors.length; colorIndex++) {\n%s\n        }\n        Shader shader \u003d new LinearGradient(gradientsPositions[0].x, gradientsPositions[0].y, gradientsPositions[1].x, gradientsPositions[1].y, currentColors, null, Shader.TileMode.CLAMP);\n        textView.getPaint().setShader(shader);\n        textView.postInvalidate();\n        lastTime \u003d currentTime;\n    }\n    private Point[] getGradientsPoints(int width, int height) {\n        double angleRadian \u003d Math.toRadians(angle);\n        int circleRadius \u003d width;\n        Point circleCenter \u003d new Point(width / 2, height / 2);\n        Point secantP1 \u003d new Point((int) (circleCenter.x - circleRadius * Math.cos(angleRadian)), (int) (circleCenter.y - circleRadius * Math.sin(angleRadian)));\n        Point secantP2 \u003d new Point((int) (circleCenter.x + circleRadius * Math.cos(angleRadian)), (int) (circleCenter.y + circleRadius * Math.sin(angleRadian)));\n        Point[] intersectPoints \u003d new Point[2];\n        Point topSegmentP1 \u003d new Point(0, 0);\n        Point topSegmentP2 \u003d new Point(width, 0);\n        intersectPoints[0] \u003d MathsUtils.getIntersectionPoint(secantP1, secantP2, topSegmentP1, topSegmentP2);\n        if (intersectPoints[0] \u003d\u003d null) {\n            Point leftSegmentP1 \u003d new Point(0, 0);\n            Point leftSegmentP2 \u003d new Point(0, height);\n            intersectPoints[0] \u003d MathsUtils.getIntersectionPoint(secantP1, secantP2, leftSegmentP1, leftSegmentP2);\n        }\n        Point bottomSegmentP1 \u003d new Point(0, height);\n        Point bottomSegmentP2 \u003d new Point(width, height);\n        intersectPoints[1] \u003d MathsUtils.getIntersectionPoint(secantP1, secantP2, bottomSegmentP1, bottomSegmentP2);\n        if (intersectPoints[1] \u003d\u003d null) {\n            Point rightSegmentP1 \u003d new Point(width, 0);\n            Point rightSegmentP2 \u003d new Point(width, height);\n            intersectPoints[1] \u003d MathsUtils.getIntersectionPoint(secantP1, secantP2, rightSegmentP1, rightSegmentP2);\n        }\n        return intersectPoints;\n    }\n    public long getCurrentProgress() {\n        return totalDelta;\n    }\n    public void setCurrentProgress(long progress) {\n        this.totalDelta \u003d progress;\n    }\n}\n\n\npublic static class MathsUtils {\n    private MathsUtils() {\n    }\n    static Point getIntersectionPoint(Point p1, Point p2, Point p3, Point p4) {\n        int d \u003d (p1.x - p2.x) * (p3.y - p4.y) - (p1.y - p2.y) * (p3.x - p4.x);\n        if (d \u003d\u003d 0) return null;\n        int x \u003d ((p3.x - p4.x) * (p1.x * p2.y - p1.y * p2.x) - (p1.x - p2.x) * (p3.x * p4.y - p3.y * p4.x)) / d;\n        int y \u003d ((p3.y - p4.y) * (p1.x * p2.y - p1.y * p2.x) - (p1.y - p2.y) * (p3.x * p4.y - p3.y * p4.x)) / d;\n        return new Point(x, y);\n    }\n}","s":"true","imports":""},{"name":"GetWebCode","code":"//GetWebCode\nprivate class ### extends AsyncTask\u003cString, Integer, String\u003e {\n\n@Override\n\nprotected void onPreExecute() {}\n\n\nprotected String doInBackground(String... address) {\n\nString ###o \u003d \"\";\n\ntry {\n\njava.net.URL ###url \u003d new java.net.URL(address[0]);\n\njava.io.BufferedReader ###i \u003d new java.io.BufferedReader(new java.io.InputStreamReader(###url.openStream()));\n\nString ###line;\n\nwhile ((###line \u003d ###i.readLine()) !\u003d null) {\n\n###o +\u003d ###line;\n\n}\n\n###i.close(); } catch (java.net.MalformedURLException e) {\n\n###o \u003d e.getMessage();\n\n} catch (java.io.IOException e) {\n\n###o \u003d e.getMessage();\n\n} catch (Exception e) {\n\n###o \u003d e.toString();\n\n}\n\nreturn ###o;\n\n}\n\n\nprotected void onProgressUpdate(Integer... values) {}\n\n\nprotected void onPostExecute(String _s){\n%s\n}\n}","s":"true","imports":""},{"name":"Drag","s":"true","code":"//Drag\npublic static class Dragger {\n\t\t    private View dragView;\n\t\t    private View[] targetViews;\n\t\t    private float dX, dY;\n\t\t    private int initXY[] \u003d new int[2];\n\t\t    private boolean isInitXy \u003d false;\n\t\t    private boolean eventSuccess \u003d false;\n\t\t    final DragEventListener dragEventListener;\n\t\t    private View view;\n\t\t    public Dragger(View dragView, View[] targetViews) {\n\t\t\t        this.dragView \u003d dragView;\n\t\t\t        this.targetViews \u003d targetViews;\n\t\t\t    }\n\t\t    public Dragger() {\n\t\t\t    }\n\t\t    public static Dragger create(){\n\t\t\t        return new Dragger();\n\t\t\t    }\n\t\t    public Dragger setDragView(View dragView) {\n\t\t\t        this.dragView \u003d dragView;\n\t\t\t        return this;\n\t\t\t    }\n\t\t    public Dragger setTargetViews(View[] targetViews) {\n\t\t\t        this.targetViews \u003d targetViews;\n\t\t\t        return this;\n\t\t\t    }\n\t\t    public Dragger setDragEventListener(DragEventListener dragEventListener) {\n\t\t\t        this.dragEventListener \u003d dragEventListener;\n\t\t\t        return this;\n\t\t\t    }\n\t\t    public void startDragging(){\n\t\t\t        if(dragView \u003d\u003d null){\n\t\t\t\t            return;\n\t\t\t\t        }\n\t\t\t        if(targetViews \u003d\u003d null){\n\t\t\t\t            return;\n\t\t\t\t        }\n\t\t\t        dragView.setOnTouchListener(new View.OnTouchListener() {\n\t\t\t\t            @Override\n\t\t\t\t            public boolean onTouch(View v, MotionEvent event) {\n\t\t\t\t\t                switch (event.getAction()) {\n\t\t\t\t\t\t                    case MotionEvent.ACTION_DOWN:\n\t\t\t\t\t\t                        dX \u003d dragView.getX() - event.getRawX();\n\t\t\t\t\t\t                        dY \u003d dragView.getY() - event.getRawY();\n\t\t\t\t\t\t                        if(!isInitXy) {\n\t\t\t\t\t\t\t                            dragView.getLocationInWindow(initXY);\n\t\t\t\t\t\t\t                            isInitXy \u003d true;\n\t\t\t\t\t\t\t                        }\n\t\t\t\t\t\t                        break;\n\t\t\t\t\t\t                    case MotionEvent.ACTION_MOVE:\n\t\t\t\t\t\t                        dragView.animate()\n\t\t\t\t\t\t                                .x(event.getRawX() + dX)\n\t\t\t\t\t\t                                .y(event.getRawY() + dY)\n\t\t\t\t\t\t                                .setDuration(0)\n\t\t\t\t\t\t                                .start();\n\t\t\t\t\t\t                        for(int i\u003d0;i\u003ctargetViews.length;i++) {\n\t\t\t\t\t\t\t                            if (isViewInBounds(targetViews[i], event.getRawX(), event.getRawY())) {\n\t\t\t\t\t\t\t\t                                Dragger.this.view \u003d targetViews[i];\n\t\t\t\t\t\t\t\t                                eventSuccess \u003d true;\n\t\t\t\t\t\t\t\t                                break;\n\t\t\t\t\t\t\t\t                            }\n\t\t\t\t\t\t\t                            else {\n\t\t\t\t\t\t\t\t                                eventSuccess \u003d false;\n\t\t\t\t\t\t\t\t                            }\n\t\t\t\t\t\t\t                        }\n\t\t\t\t\t\t                        break;\n\t\t\t\t\t\t                    case MotionEvent.ACTION_UP:\n\t\t\t\t\t\t                        if(!eventSuccess) {\n\t\t\t\t\t\t\t                            dragView.animate()\n\t\t\t\t\t\t\t                                    .x(initXY[0])\n\t\t\t\t\t\t\t                                    .y(initXY[1])\n\t\t\t\t\t\t\t                                    .setDuration(0)\n\t\t\t\t\t\t\t                                    .start();\n\t\t\t\t\t\t\t                        }else {\n\t\t\t\t\t\t\t                            if(dragEventListener !\u003d null)\n\t\t\t\t\t\t\t                                dragEventListener.onDragComplete(view);\n\t\t\t\t\t\t\t                        }\n\t\t\t\t\t\t                    default:\n\t\t\t\t\t\t                        return false;\n\t\t\t\t\t\t                }\n\t\t\t\t\t                return true;\n\t\t\t\t\t            }\n\t\t\t\t        });\n\t\t\t    }\n\t\t    private Rect rect \u003d new Rect();\n\t\t    private int[] location \u003d new int[2];\n\t\t    private boolean isViewInBounds(View target, float x, float y){\n\t\t\t        target.getDrawingRect(rect);\n\t\t\t        target.getLocationOnScreen(location);\n\t\t\t        rect.offset(location[0], location[1]);\n\t\t\t        return rect.contains((int) x, (int)y);\n\t\t\t    }\n\t\t    public interface DragEventListener{\n\t\t\t        public void onDragComplete(View targetView);\n\t\t\t    }\n\t\t\r\n\t}\nDragger.setDragEventListener(new Dragger.DragEventListener() {\n%s\n});","imports":""}]